<?xml version="1.0" encoding="UTF-8"?>
<project-private xmlns="http://www.netbeans.org/ns/project-private/1">
    <editor-bookmarks xmlns="http://www.netbeans.org/ns/editor-bookmarks/2" lastBookmarkId="0"/>
    <open-files xmlns="http://www.netbeans.org/ns/projectui-open-files/2">
        <group>
            <file>file:/C:/Users/mauri/Documents/NetBeansProjects/PrincipiosII-3C2025/Semana03-02/src/semana03/Probador.java</file>
            <file>file:/C:/Users/mauri/Documents/NetBeansProjects/PrincipiosII-3C2025/Semana03-02/src/semana03/HeladeriaCenfo.java</file>
            <file>file:/C:/Users/mauri/Documents/NetBeansProjects/PrincipiosII-3C2025/Semana03-02/src/semana03/Calculadora.java</file>
        </group>
    </open-files>
</project-private>
